TestName,TestDateTime,EventCount,Duration,EventsPerSec
ETW Tracing Component,4/29/2010 8:57:46 AM,1000000,1.066338,937788.956222136
System.Diagnostics.Trace Component,4/29/2010 8:59:57 AM,1000000,131.9336574,7579.56703169513
Log4Net Tracing Component,4/29/2010 9:00:13 AM,1000000,15.4654376,64660.3106788262
EntLib5 Tracing Component,4/29/2010 9:00:59 AM,1000000,45.9903063,21743.7125440497
ETW Tracing Component,4/29/2010 9:01:00 AM,1000000,0.9765,1024065.54019457
System.Diagnostics.Trace Component,4/29/2010 9:03:31 AM,1000000,151.2412824,6611.95134113727
Log4Net Tracing Component,4/29/2010 9:03:47 AM,1000000,16.074836,62209.03280133
EntLib5 Tracing Component,4/29/2010 9:04:33 AM,1000000,46.0684118,21706.8477277092
ETW Tracing Component,4/29/2010 9:04:34 AM,1000000,1.005795,994238.38853842
System.Diagnostics.Trace Component,4/29/2010 9:07:23 AM,1000000,168.2217671,5944.533916384
Log4Net Tracing Component,4/29/2010 9:07:38 AM,1000000,15.171866,65911.4706127776
EntLib5 Tracing Component,4/29/2010 9:08:25 AM,1000000,47.0827925,21239.1820217546
ETW Tracing Component,4/29/2010 9:08:26 AM,1000000,0.9883192,1011818.8536659
System.Diagnostics.Trace Component,4/29/2010 9:11:42 AM,1000000,196.6558242,5085.02610623418
Log4Net Tracing Component,4/29/2010 9:11:59 AM,1000000,16.1561925,61895.7715439451
EntLib5 Tracing Component,4/29/2010 9:12:48 AM,1000000,49.2213854,20316.3724847127
ETW Tracing Component,4/29/2010 9:12:49 AM,1000000,0.996132,1003883.0195195
System.Diagnostics.Trace Component,4/29/2010 9:16:31 AM,1000000,222.0042065,4504.41915387761
Log4Net Tracing Component,4/29/2010 9:16:48 AM,1000000,16.8119461,59481.5135649287
EntLib5 Tracing Component,4/29/2010 9:17:36 AM,1000000,48.6547743,20552.9676046612
ETW Tracing Component,4/29/2010 9:17:37 AM,1000000,1.0282545,972521.88052666
System.Diagnostics.Trace Component,4/29/2010 9:21:39 AM,1000000,242.0997529,4130.52879245628
Log4Net Tracing Component,4/29/2010 9:21:56 AM,1000000,16.6845297,59935.761929208
EntLib5 Tracing Component,4/29/2010 9:22:48 AM,1000000,51.5036034,19416.1172031703
ETW Tracing Component,4/29/2010 9:22:49 AM,1000000,1.015664,984577.576836434
System.Diagnostics.Trace Component,4/29/2010 9:27:14 AM,1000000,265.3255404,3768.95491663719
Log4Net Tracing Component,4/29/2010 9:27:30 AM,1000000,16.4025436,60966.1540543017
EntLib5 Tracing Component,4/29/2010 9:28:19 AM,1000000,48.4148754,20654.8089143693
ETW Tracing Component,4/29/2010 9:28:20 AM,1000000,1.0758826,929469.442111993
System.Diagnostics.Trace Component,4/29/2010 9:29:35 AM,1000000,75.1921589,13299.2590534596
Log4Net Tracing Component,4/29/2010 9:29:52 AM,1000000,16.971237,58923.2240407697
EntLib5 Tracing Component,4/29/2010 9:30:41 AM,1000000,49.2345679,20310.9327989045
ETW Tracing Component,4/29/2010 9:30:42 AM,1000000,0.9926937,1007360.07491535
System.Diagnostics.Trace Component,4/29/2010 9:30:50 AM,1000000,7.6008907,131563.528469104
Log4Net Tracing Component,4/29/2010 9:31:06 AM,1000000,15.9211671,62809.4657708856
EntLib5 Tracing Component,4/29/2010 9:31:54 AM,1000000,47.8116007,20915.4260756637
ETW Tracing Component,4/29/2010 9:31:55 AM,1000000,1.005486,994543.931989108
System.Diagnostics.Trace Component,4/29/2010 9:32:02 AM,1000000,7.5665262,132161.043729684
Log4Net Tracing Component,4/29/2010 9:32:18 AM,1000000,15.5489136,64313.1749088888
EntLib5 Tracing Component,4/29/2010 9:33:06 AM,1000000,48.4380678,20644.9192839191
ETW Tracing Component,4/29/2010 9:46:18 AM,1000000,1.0515828,950947.46699927
System.Diagnostics.Trace Component,4/29/2010 9:51:04 AM,1000000,285.8654182,3498.14960584134
Log4Net Tracing Component,4/29/2010 9:51:19 AM,1000000,15.2421885,65607.3765260153
EntLib5 Tracing Component,4/29/2010 9:52:08 AM,1000000,48.754692,20510.8464227402
ETW Tracing Component,4/29/2010 9:52:09 AM,1000000,0.9833355,1016946.91181189
System.Diagnostics.Trace Component,4/29/2010 9:57:02 AM,1000000,293.338647,3409.02915530254
Log4Net Tracing Component,4/29/2010 9:57:18 AM,1000000,15.7890285,63335.1190670154
EntLib5 Tracing Component,4/29/2010 9:58:08 AM,1000000,50.0173065,19993.0797952905
ETW Tracing Component,4/29/2010 9:58:09 AM,1000000,0.997983,1002021.07651132
System.Diagnostics.Trace Component,4/29/2010 10:03:04 AM,1000000,294.8531985,3391.51823716778
Log4Net Tracing Component,4/29/2010 10:03:19 AM,1000000,15.6523185,63888.2987207295
EntLib5 Tracing Component,4/29/2010 10:04:08 AM,1000000,48.186369,20752.7568636682
ETW Tracing Component,4/29/2010 10:04:09 AM,1000000,0.990171,1009926.56823922
System.Diagnostics.Trace Component,4/29/2010 10:09:01 AM,1000000,291.9872035,3424.80762174908
Log4Net Tracing Component,4/29/2010 10:09:16 AM,1000000,15.631693,63972.5972100399
EntLib5 Tracing Component,4/29/2010 10:10:02 AM,1000000,46.053497,21713.8776670966
ETW Tracing Component,4/29/2010 10:10:03 AM,1000000,0.9618525,1039660.44689804
System.Diagnostics.Trace Component,4/29/2010 10:14:58 AM,1000000,294.1924876,3399.13506343389
Log4Net Tracing Component,4/29/2010 10:15:13 AM,1000000,15.4550655,64703.7050732655
EntLib5 Tracing Component,4/29/2010 10:15:59 AM,1000000,45.5844565,21937.3022468744
ETW Tracing Component,4/29/2010 10:15:59 AM,1000000,0.898472,1113000.73903249
System.Diagnostics.Trace Component,4/29/2010 10:20:51 AM,1000000,291.3038278,3432.841949082
Log4Net Tracing Component,4/29/2010 10:21:07 AM,1000000,16.411059,60934.5198259296
EntLib5 Tracing Component,4/29/2010 10:21:55 AM,1000000,48.0737568,20801.3699482708
ETW Tracing Component,4/29/2010 10:21:56 AM,1000000,1.0839592,922543.948148602
System.Diagnostics.Trace Component,4/29/2010 10:26:49 AM,1000000,292.7991987,3415.30989305949
Log4Net Tracing Component,4/29/2010 10:27:05 AM,1000000,16.1748719,61824.2917892908
EntLib5 Tracing Component,4/29/2010 10:27:53 AM,1000000,48.0902588,20794.2320327043
ETW Tracing Component,4/29/2010 10:27:54 AM,1000000,0.9746468,1026012.70532053
System.Diagnostics.Trace Component,4/29/2010 10:32:49 AM,1000000,294.4786012,3395.8324846865
Log4Net Tracing Component,4/29/2010 10:33:06 AM,1000000,16.9017043,59165.6310068092
EntLib5 Tracing Component,4/29/2010 10:33:59 AM,1000000,52.9085963,18900.5203300016
ETW Tracing Component,4/29/2010 10:34:00 AM,1000000,0.996132,1003883.0195195
System.Diagnostics.Trace Component,4/29/2010 10:38:54 AM,1000000,294.1911253,3399.15080368334
Log4Net Tracing Component,4/29/2010 10:39:10 AM,1000000,16.5311685,60491.7916117061
EntLib5 Tracing Component,4/29/2010 10:40:00 AM,1000000,49.1110119,20362.0320842951
ETW Tracing Component,4/29/2010 10:40:01 AM,1000000,1.0039448,996070.700301451
System.Diagnostics.Trace Component,4/29/2010 10:44:51 AM,1000000,290.0433711,3447.76023050437
Log4Net Tracing Component,4/29/2010 10:45:07 AM,1000000,16.5526515,60413.281823761
EntLib5 Tracing Component,4/29/2010 10:46:00 AM,1000000,52.8642548,18916.3737157229
